{"loss": [0.5323618650436401, 0.5316739082336426, 0.5311487913131714, 0.5289283990859985, 0.5274069309234619, 0.5267313718795776, 0.5262384414672852, 0.5239558219909668, 0.522618293762207, 0.5212985277175903, 0.5201708674430847, 0.5193671584129333, 0.5167425870895386, 0.5164211988449097, 0.5149588584899902, 0.5141821503639221, 0.5126201510429382, 0.5125272870063782, 0.5112349390983582, 0.5097101330757141, 0.5087178349494934, 0.507935643196106, 0.506224513053894, 0.5052796602249146, 0.504364550113678, 0.503830075263977, 0.5030313730239868, 0.5018401741981506, 0.5002094507217407, 0.49912792444229126, 0.4982714354991913, 0.4980580508708954, 0.4967145323753357, 0.49561941623687744, 0.49603524804115295, 0.4944952428340912, 0.4937562048435211, 0.49219393730163574, 0.4911462366580963, 0.4916757345199585], "perplexity": [1.7044583559036255, 1.7031906843185425, 1.7022920846939087, 1.698569416999817, 1.6959940195083618, 1.694838047027588, 1.6939070224761963, 1.6900888681411743, 1.6879355907440186, 1.6855919361114502, 1.6836905479431152, 1.6822893619537354, 1.6779221296310425, 1.677391767501831, 1.6749347448349, 1.6736197471618652, 1.671097993850708, 1.6707737445831299, 1.6686630249023438, 1.6661491394042969, 1.6644545793533325, 1.6632518768310547, 1.660312294960022, 1.6587382555007935, 1.6572483777999878, 1.6563524007797241, 1.6551480293273926, 1.6529979705810547, 1.6503113508224487, 1.6485627889633179, 1.647196888923645, 1.6468416452407837, 1.644565224647522, 1.6427218914031982, 1.6434861421585083, 1.6409815549850464, 1.6397477388381958, 1.6371588706970215, 1.6355161666870117, 1.6361963748931885], "val_loss": [0.5245708227157593, 0.5269024968147278, 0.5233563184738159, 0.5266203284263611, 0.5200875997543335, 0.5226259827613831, 0.5207681655883789, 0.5162291526794434, 0.5170121788978577, 0.5143625736236572, 0.5148904323577881, 0.5129396319389343, 0.5098978877067566, 0.5092146396636963, 0.5082185864448547, 0.5115499496459961, 0.5082167387008667, 0.5042552351951599, 0.5072795748710632, 0.505842387676239, 0.5036324262619019, 0.5067484974861145, 0.5032527446746826, 0.5019082427024841, 0.5018921494483948, 0.500410258769989, 0.4999539852142334, 0.5023263692855835, 0.49871882796287537, 0.49598589539527893, 0.4970683157444, 0.4979006052017212, 0.49457594752311707, 0.49388447403907776, 0.4960944652557373, 0.4947379231452942, 0.4933680593967438, 0.4919726848602295, 0.4909985065460205, 0.49240612983703613], "val_perplexity": [1.6922708749771118, 1.6951245069503784, 1.6906626224517822, 1.6935639381408691, 1.6838946342468262, 1.6878468990325928, 1.6835038661956787, 1.6775373220443726, 1.6797029972076416, 1.6732914447784424, 1.6750723123550415, 1.6709153652191162, 1.6683712005615234, 1.665047287940979, 1.6643903255462646, 1.6693766117095947, 1.6629270315170288, 1.6569535732269287, 1.6615318059921265, 1.6586581468582153, 1.6565407514572144, 1.6603431701660156, 1.656606674194336, 1.6538933515548706, 1.6518663167953491, 1.6514840126037598, 1.649794101715088, 1.6556203365325928, 1.6471924781799316, 1.6425607204437256, 1.6445192098617554, 1.6466842889785767, 1.6415470838546753, 1.639768123626709, 1.6427831649780273, 1.643370509147644, 1.639678716659546, 1.6368920803070068, 1.6331850290298462, 1.63858962059021]}