{"loss": [2.126169204711914, 1.6291881799697876, 1.34645676612854, 1.201673984527588, 1.0925911664962769, 1.0068007707595825, 0.9349093437194824, 0.8876346349716187, 0.8488209843635559, 0.8161813616752625, 0.7911551594734192, 0.7662695050239563, 0.7582250237464905, 0.7271009683609009, 0.7119816541671753, 0.6938921213150024, 0.6809486150741577, 0.666265606880188, 0.6542956829071045, 0.6418132781982422], "perplexity": [8.297938346862793, 5.076231479644775, 3.8447394371032715, 3.3281912803649902, 2.985217809677124, 2.7402374744415283, 2.5503244400024414, 2.432525157928467, 2.3398289680480957, 2.2649664878845215, 2.2089574337005615, 2.154623508453369, 2.136624813079834, 2.0719010829925537, 2.0407683849334717, 2.0042049884796143, 1.9782886505126953, 1.9495148658752441, 1.926222324371338, 1.9021660089492798], "val_loss": [1.8572351932525635, 1.4240268468856812, 1.2710450887680054, 1.1577813625335693, 1.0502549409866333, 0.9699893593788147, 0.913886547088623, 0.8863986134529114, 0.8420540690422058, 0.820094883441925, 0.7987852096557617, 0.7821287512779236, 0.7656248807907104, 0.756191611289978, 0.7421278953552246, 0.7259113788604736, 0.7132542133331299, 0.713733971118927, 0.704328179359436, 0.6990860104560852], "val_perplexity": [6.347039222717285, 4.151877403259277, 3.5702531337738037, 3.1844065189361572, 2.860048532485962, 2.641998052597046, 2.497384548187256, 2.43210768699646, 2.323092460632324, 2.2768404483795166, 2.2233173847198486, 2.18959903717041, 2.1542577743530273, 2.133286237716675, 2.104797601699829, 2.0692505836486816, 2.043513774871826, 2.045677661895752, 2.024768590927124, 2.0153186321258545]}