{"loss": [2.012486219406128, 1.442176342010498, 1.2019860744476318, 1.060225486755371, 0.9521005153656006, 0.8816012740135193, 0.8342105746269226, 0.799248218536377, 0.7684618830680847, 0.7440648674964905, 0.7231470942497253, 0.7010765671730042, 0.6824412941932678, 0.6653152704238892, 0.649493932723999, 0.6339351534843445, 0.6216316819190979, 0.6064175963401794, 0.5939227938652039, 0.58096843957901], "perplexity": [7.40864896774292, 4.235779285430908, 3.3379323482513428, 2.895699977874756, 2.5988285541534424, 2.4223129749298096, 2.3102715015411377, 2.2302393913269043, 2.1625030040740967, 2.11000394821167, 2.0660183429718018, 2.021261215209961, 1.9835394620895386, 1.9498486518859863, 1.9192049503326416, 1.889683723449707, 1.8661506175994873, 1.8382530212402344, 1.8155943155288696, 1.7918752431869507], "val_loss": [1.7440288066864014, 1.2985072135925293, 1.1323684453964233, 1.0176838636398315, 0.9161383509635925, 0.8691693544387817, 0.8676748871803284, 0.8028641939163208, 0.7877407073974609, 0.7559301853179932, 0.7469089031219482, 0.7389146089553833, 0.7195709943771362, 0.7032446265220642, 0.7025820016860962, 0.6889283061027527, 0.6846898794174194, 0.6700332164764404, 0.6670895218849182, 0.65889573097229], "val_perplexity": [5.703289031982422, 3.6662724018096924, 3.111687660217285, 2.771662473678589, 2.514207601547241, 2.391124725341797, 2.381098747253418, 2.240912437438965, 2.2059717178344727, 2.141033411026001, 2.117727518081665, 2.0936436653137207, 2.056654930114746, 2.021918535232544, 2.0225670337677, 1.998144268989563, 1.983899712562561, 1.9581751823425293, 1.9587088823318481, 1.9357049465179443]}