{"loss": [2.281231641769409, 1.8710222244262695, 1.722038984298706, 1.5894160270690918, 1.462410807609558, 1.3690097332000732, 1.333247423171997, 1.2803914546966553, 1.2273343801498413, 1.1915987730026245, 1.153490662574768, 1.116824746131897, 1.0878105163574219, 1.064935326576233, 1.0406721830368042, 1.0140435695648193, 0.9978590607643127, 0.9782775640487671, 0.9638667106628418, 0.9452335238456726], "perplexity": [9.717560768127441, 6.44273567199707, 5.558733940124512, 4.878957748413086, 4.31333589553833, 3.9292101860046387, 3.7950692176818848, 3.596864700317383, 3.416192054748535, 3.295281171798706, 3.1676042079925537, 3.057926893234253, 2.9695777893066406, 2.900441884994507, 2.8302245140075684, 2.7578282356262207, 2.713003396987915, 2.656329393386841, 2.6226184368133545, 2.574605941772461], "val_loss": [1.9731148481369019, 1.7794357538223267, 1.6710705757141113, 1.530044436454773, 1.4134238958358765, 1.4025468826293945, 1.3945660591125488, 1.304294228553772, 1.23944890499115, 1.1906248331069946, 1.1483254432678223, 1.1198383569717407, 1.0908877849578857, 1.0855436325073242, 1.0652345418930054, 1.0875749588012695, 1.0428414344787598, 1.005391001701355, 0.9834818243980408, 0.9945354461669922], "val_perplexity": [7.168651103973389, 5.911719799041748, 5.292026996612549, 4.611635208129883, 4.111043930053711, 4.070352554321289, 4.0266432762146, 3.6768622398376465, 3.4239883422851562, 3.293555498123169, 3.196687698364258, 3.0716967582702637, 3.0207676887512207, 2.9509921073913574, 2.8962531089782715, 2.9526243209838867, 2.8242931365966797, 2.7505171298980713, 2.680987596511841, 2.6789205074310303]}