{"loss": [0.6226656436920166, 0.6196892857551575, 0.6165576577186584, 0.6137394309043884, 0.6095024347305298, 0.6075150370597839, 0.602688193321228, 0.6005056500434875, 0.5968130826950073, 0.5946647524833679, 0.5913499593734741, 0.589833676815033, 0.5859848260879517, 0.584355354309082, 0.5821374654769897, 0.5791017413139343, 0.5768805742263794, 0.5740294456481934, 0.5725914835929871, 0.570170521736145, 0.5681092143058777, 0.5655568838119507, 0.5631670355796814, 0.5606088638305664, 0.5596360564231873, 0.5577510595321655, 0.5552952885627747, 0.5532442927360535, 0.5517042875289917, 0.5501883625984192, 0.5499363541603088, 0.5457964539527893, 0.5452463626861572, 0.5441535711288452, 0.541095495223999, 0.5389708876609802, 0.5376709699630737, 0.537639319896698, 0.5356681942939758, 0.5328540205955505], "perplexity": [1.8657788038253784, 1.8602344989776611, 1.8543285131454468, 1.84909188747406, 1.8412753343582153, 1.8376615047454834, 1.8288805484771729, 1.8248958587646484, 1.818120002746582, 1.8141756057739258, 1.8081706762313843, 1.8053416013717651, 1.7984946966171265, 1.7955068349838257, 1.7915380001068115, 1.7860769033432007, 1.782240629196167, 1.777045726776123, 1.7744921445846558, 1.770153522491455, 1.7665780782699585, 1.7620525360107422, 1.7578405141830444, 1.7533296346664429, 1.7516275644302368, 1.748320460319519, 1.743983507156372, 1.7404346466064453, 1.7377358675003052, 1.7350958585739136, 1.7346405982971191, 1.7275160551071167, 1.7265444993972778, 1.7246479988098145, 1.7194137573242188, 1.7157047986984253, 1.7135010957717896, 1.7134238481521606, 1.7099778652191162, 1.70513916015625], "val_loss": [0.5952908992767334, 0.591702938079834, 0.5888863801956177, 0.5853731632232666, 0.5892899036407471, 0.5812704563140869, 0.5805922746658325, 0.5761374831199646, 0.5732420086860657, 0.5690122246742249, 0.571951687335968, 0.5674999356269836, 0.5651453137397766, 0.5626569390296936, 0.562039315700531, 0.5592470765113831, 0.5597713589668274, 0.5606112480163574, 0.555993378162384, 0.5482715368270874, 0.5498800873756409, 0.5479269623756409, 0.5474526286125183, 0.545150637626648, 0.5447394251823425, 0.5422878861427307, 0.5447545647621155, 0.539624035358429, 0.5381616353988647, 0.5376757383346558, 0.5366480946540833, 0.534998893737793, 0.535831868648529, 0.5332586169242859, 0.5315210819244385, 0.5295794606208801, 0.5304855108261108, 0.5314189791679382, 0.5239243507385254, 0.5256475210189819], "val_perplexity": [1.8159337043762207, 1.8097387552261353, 1.8046613931655884, 1.796509861946106, 1.8053746223449707, 1.7898178100585938, 1.7885830402374268, 1.7808222770690918, 1.776171088218689, 1.7686251401901245, 1.7706050872802734, 1.7664356231689453, 1.7613686323165894, 1.7583130598068237, 1.7563459873199463, 1.7516224384307861, 1.7520257234573364, 1.7535239458084106, 1.7457753419876099, 1.7324395179748535, 1.7338905334472656, 1.7325608730316162, 1.7312346696853638, 1.7267028093338013, 1.7268738746643066, 1.7214787006378174, 1.7266831398010254, 1.7172056436538696, 1.7146097421646118, 1.713446855545044, 1.7120858430862427, 1.7088489532470703, 1.710156798362732, 1.7079851627349854, 1.7026140689849854, 1.7015737295150757, 1.7013455629348755, 1.7026102542877197, 1.690866470336914, 1.6921744346618652]}