{"loss": [2.09354829788208, 1.7000375986099243, 1.4158895015716553, 1.3034358024597168, 1.208901047706604, 1.1147925853729248, 1.044932246208191, 0.996126115322113, 0.9610768556594849, 0.932591438293457, 0.9096205234527588, 0.888739824295044, 0.8754605054855347, 0.8595544099807739, 0.847489058971405, 0.8364147543907166, 0.8246631622314453, 0.8159840106964111, 0.8067994713783264, 0.8003388047218323], "perplexity": [8.04580020904541, 5.446316719055176, 4.11434268951416, 3.6814420223236084, 3.3506524562835693, 3.050706386566162, 2.8441009521484375, 2.7082557678222656, 2.617441177368164, 2.5426809787750244, 2.484203338623047, 2.433340072631836, 2.4010984897613525, 2.364520311355591, 2.337069511413574, 2.309854507446289, 2.283909559249878, 2.2631402015686035, 2.2442920207977295, 2.229700803756714], "val_loss": [1.8327466249465942, 1.5488191843032837, 1.3555761575698853, 1.2617448568344116, 1.1919716596603394, 1.1044327020645142, 1.0432202816009521, 0.9957200288772583, 0.9700532555580139, 0.9523864984512329, 0.9181143641471863, 0.9087628722190857, 0.8981326818466187, 0.9029596447944641, 0.8808659315109253, 0.8537560701370239, 0.8494821190834045, 0.8366702795028687, 0.8567215800285339, 0.8406129479408264], "val_perplexity": [6.18486213684082, 4.694675445556641, 3.8690028190612793, 3.5341787338256836, 3.291210889816284, 3.009228467941284, 2.8443899154663086, 2.700929641723633, 2.6420042514801025, 2.58842134475708, 2.5019593238830566, 2.4882771968841553, 2.4507088661193848, 2.468989372253418, 2.4056191444396973, 2.359013557434082, 2.3391823768615723, 2.315234422683716, 2.347376585006714, 2.320981740951538]}