{"loss": [2.115025043487549, 1.6664812564849854, 1.333717942237854, 1.1960846185684204, 1.0863215923309326, 0.9984467029571533, 0.9343926310539246, 0.889175534248352, 0.8547226190567017, 0.828417181968689, 0.8043956756591797, 0.7856057286262512, 0.7670197486877441, 0.751869797706604, 0.7351998686790466, 0.7243502140045166, 0.7094221711158752, 0.7007869482040405, 0.6873389482498169, 0.6789560317993164], "perplexity": [8.207467079162598, 5.268013954162598, 3.795053482055664, 3.3084161281585693, 2.965566396713257, 2.716449022293091, 2.5481765270233154, 2.4358060359954834, 2.353639841079712, 2.292376756668091, 2.2380943298339844, 2.1966371536254883, 2.156114339828491, 2.1236231327056885, 2.0887181758880615, 2.0659871101379395, 2.0355443954467773, 2.0178608894348145, 1.9910399913787842, 1.9744186401367188], "val_loss": [1.8116340637207031, 1.4499094486236572, 1.2618651390075684, 1.1463111639022827, 1.0394173860549927, 0.9693692922592163, 0.9174637198448181, 0.8885324597358704, 0.8572282195091248, 0.8274189233779907, 0.8162935376167297, 0.7971144914627075, 0.7813786864280701, 0.776983380317688, 0.7525734901428223, 0.7513623237609863, 0.7376161217689514, 0.7344973087310791, 0.7330465912818909, 0.7205860018730164], "val_perplexity": [6.067967891693115, 4.263437747955322, 3.525477170944214, 3.1459107398986816, 2.8257484436035156, 2.6397957801818848, 2.506244659423828, 2.432297706604004, 2.3570382595062256, 2.2893731594085693, 2.2643864154815674, 2.2233688831329346, 2.1891610622406006, 2.1790459156036377, 2.125415086746216, 2.122220993041992, 2.0934619903564453, 2.0887186527252197, 2.0852267742156982, 2.059147357940674]}