{"loss": [2.083742141723633, 1.6058242321014404, 1.3245723247528076, 1.1956233978271484, 1.0963751077651978, 1.0034475326538086, 0.9362651109695435, 0.8863391876220703, 0.851631224155426, 0.8235586285591125, 0.8002894520759583, 0.7796006202697754, 0.7588841319084167, 0.743467390537262, 0.7283958792686462, 0.7123983502388, 0.7012572288513184, 0.6886268258094788, 0.6789368391036987, 0.6675356030464172], "perplexity": [7.970348358154297, 4.965618133544922, 3.763819694519043, 3.3092963695526123, 2.998690605163574, 2.7304770946502686, 2.5542519092559814, 2.429286479949951, 2.346066951751709, 2.282724142074585, 2.2281386852264404, 2.1825056076049805, 2.139481782913208, 2.106393337249756, 2.0753417015075684, 2.0417442321777344, 2.019061326980591, 1.9927247762680054, 1.974226474761963, 1.9518818855285645], "val_loss": [1.8034980297088623, 1.4266307353973389, 1.2606899738311768, 1.154143214225769, 1.0728588104248047, 0.9999634027481079, 0.9322761297225952, 0.9076156616210938, 0.8918471336364746, 0.8549723029136658, 0.8549259901046753, 0.8097683787345886, 0.8194160461425781, 0.7820360064506531, 0.7685888409614563, 0.7771769165992737, 0.7508618235588074, 0.7474439144134521, 0.7333115339279175, 0.7228485941886902], "val_perplexity": [6.010653495788574, 4.162520885467529, 3.5313498973846436, 3.1719281673431396, 2.9305925369262695, 2.720790147781372, 2.5520195960998535, 2.483698606491089, 2.4327468872070312, 2.354837417602539, 2.340754270553589, 2.2480390071868896, 2.2702276706695557, 2.187229633331299, 2.1607279777526855, 2.174579381942749, 2.1219654083251953, 2.111990213394165, 2.084568500518799, 2.0631518363952637]}