{"loss": [2.1485652923583984, 1.7443653345108032, 1.4504945278167725, 1.2884056568145752, 1.1884362697601318, 1.1146563291549683, 1.0496546030044556, 0.9941045641899109, 0.9513404369354248, 0.9178221821784973, 0.887518048286438, 0.8620894551277161, 0.840237021446228, 0.8219767212867737, 0.8057915568351746, 0.7916142344474792, 0.777572751045227, 0.7667989134788513, 0.7542158365249634, 0.7457422614097595, 0.734700620174408, 0.7265185713768005, 0.7168400287628174, 0.710703432559967, 0.7024703621864319, 0.6964406371116638, 0.6897181272506714, 0.6843695640563965, 0.6775625944137573, 0.6722684502601624, 0.6667542457580566, 0.6622564196586609, 0.6566510200500488, 0.6529406905174255, 0.6481723785400391, 0.6424286961555481, 0.6388339400291443, 0.6343152523040771, 0.630093514919281, 0.6273723244667053], "perplexity": [8.487452507019043, 5.69150447845459, 4.259911060333252, 3.627002477645874, 3.283090591430664, 3.050325393676758, 2.8588569164276123, 2.704599618911743, 2.5916388034820557, 2.5063772201538086, 2.431546926498413, 2.3704586029052734, 2.3193442821502686, 2.2772839069366455, 2.240790843963623, 2.2091901302337646, 2.1785852909088135, 2.155212163925171, 2.1281816959381104, 2.1101157665252686, 2.086987018585205, 2.0700738430023193, 2.050203323364258, 2.037583589553833, 2.020875930786133, 2.008685350418091, 1.995343565940857, 1.9845020771026611, 1.9712213277816772, 1.9606767892837524, 1.9499056339263916, 1.9411648511886597, 1.9303950071334839, 1.9230873584747314, 1.9140794277191162, 1.9030747413635254, 1.8961340188980103, 1.8876643180847168, 1.8796236515045166, 1.8744964599609375], "val_loss": [1.8494758605957031, 1.5682560205459595, 1.2905186414718628, 1.1680253744125366, 1.0851856470108032, 1.0088105201721191, 0.946669340133667, 0.9015287160873413, 0.8655626177787781, 0.8392894268035889, 0.8119296431541443, 0.7908428311347961, 0.7732750773429871, 0.7570041418075562, 0.7430691719055176, 0.7309800982475281, 0.7190159559249878, 0.7086617946624756, 0.6990876197814941, 0.6909092664718628, 0.6822594404220581, 0.6801900863647461, 0.6725538372993469, 0.6655811667442322, 0.6616308093070984, 0.6564424633979797, 0.6498859524726868, 0.641628086566925, 0.6344683766365051, 0.6334963440895081, 0.6289418339729309, 0.6233046054840088, 0.626061201095581, 0.617300808429718, 0.613990306854248, 0.607023298740387, 0.605275571346283, 0.6028544902801514, 0.6016631126403809, 0.5997477173805237], "val_perplexity": [6.291133880615234, 4.791433811187744, 3.6317031383514404, 3.217310905456543, 2.9564719200134277, 2.74560546875, 2.5792739391326904, 2.464282274246216, 2.377110481262207, 2.316112995147705, 2.2550504207611084, 2.207090377807617, 2.170942783355713, 2.135047674179077, 2.1028244495391846, 2.0814385414123535, 2.054011821746826, 2.0327508449554443, 2.014112949371338, 1.9971871376037598, 1.981814980506897, 1.9773590564727783, 1.961592435836792, 1.9482669830322266, 1.940621256828308, 1.9298335313796997, 1.9164812564849854, 1.9024744033813477, 1.8879390954971313, 1.8860689401626587, 1.8783320188522339, 1.867700219154358, 1.8705799579620361, 1.8546901941299438, 1.8497623205184937, 1.838322639465332, 1.8342291116714478, 1.8290685415267944, 1.8271737098693848, 1.824678659439087]}